namespace,callable,symbol,status,evidence,audit_priority
numpy,numpy.abs,abs,present,exported,critical
numpy,numpy.absolute,absolute,present,exported,critical
numpy,numpy.acos,acos,missing,not_found,critical
numpy,numpy.acosh,acosh,missing,not_found,critical
numpy,numpy.add,add,namespace_mismatch,present_in_module_not_exported,critical
numpy,numpy.all,all,namespace_mismatch,present_in_module_not_exported,critical
numpy,numpy.allclose,allclose,present,exported,critical
numpy,numpy.amax,amax,missing,not_found,critical
numpy,numpy.amin,amin,missing,not_found,critical
numpy,numpy.angle,angle,present,exported,critical
numpy,numpy.any,any,namespace_mismatch,present_in_module_not_exported,critical
numpy,numpy.append,append,present,exported,critical
numpy,numpy.apply_along_axis,apply_along_axis,present,exported,critical
numpy,numpy.apply_over_axes,apply_over_axes,present,exported,critical
numpy,numpy.arange,arange,present,exported,critical
numpy,numpy.arccos,arccos,namespace_mismatch,present_in_module_not_exported,critical
numpy,numpy.arccosh,arccosh,namespace_mismatch,present_in_module_not_exported,critical
numpy,numpy.arcsin,arcsin,namespace_mismatch,present_in_module_not_exported,critical
numpy,numpy.arcsinh,arcsinh,namespace_mismatch,present_in_module_not_exported,critical
numpy,numpy.arctan,arctan,namespace_mismatch,present_in_module_not_exported,critical
numpy,numpy.arctan2,arctan2,namespace_mismatch,present_in_module_not_exported,critical
numpy,numpy.arctanh,arctanh,namespace_mismatch,present_in_module_not_exported,critical
numpy,numpy.argmax,argmax,present,exported,critical
numpy,numpy.argmin,argmin,present,exported,critical
numpy,numpy.argpartition,argpartition,present,exported,critical
numpy,numpy.argsort,argsort,present,exported,critical
numpy,numpy.argwhere,argwhere,present,exported,critical
numpy,numpy.around,around,namespace_mismatch,present_in_module_not_exported,critical
numpy,numpy.array,array,present,exported,critical
numpy,numpy.array2string,array2string,missing,not_found,critical
numpy,numpy.array_equal,array_equal,present,exported,critical
numpy,numpy.array_equiv,array_equiv,present,exported,critical
numpy,numpy.array_repr,array_repr,missing,not_found,critical
numpy,numpy.array_split,array_split,present,exported,critical
numpy,numpy.array_str,array_str,missing,not_found,critical
numpy,numpy.asanyarray,asanyarray,missing,not_found,critical
numpy,numpy.asarray,asarray,missing,not_found,critical
numpy,numpy.asarray_chkfinite,asarray_chkfinite,missing,not_found,critical
numpy,numpy.ascontiguousarray,ascontiguousarray,missing,not_found,critical
numpy,numpy.asfortranarray,asfortranarray,missing,not_found,critical
numpy,numpy.asin,asin,missing,not_found,critical
numpy,numpy.asinh,asinh,missing,not_found,critical
numpy,numpy.asmatrix,asmatrix,missing,not_found,critical
numpy,numpy.astype,astype,missing,not_found,critical
numpy,numpy.atan,atan,missing,not_found,critical
numpy,numpy.atan2,atan2,missing,not_found,critical
numpy,numpy.atanh,atanh,missing,not_found,critical
numpy,numpy.atleast_1d,atleast_1d,present,exported,critical
numpy,numpy.atleast_2d,atleast_2d,present,exported,critical
numpy,numpy.atleast_3d,atleast_3d,present,exported,critical
numpy,numpy.average,average,present,exported,critical
numpy,numpy.bartlett,bartlett,namespace_mismatch,present_in_module_not_exported,critical
numpy,numpy.base_repr,base_repr,missing,not_found,critical
numpy,numpy.binary_repr,binary_repr,missing,not_found,critical
numpy,numpy.bincount,bincount,present,exported,critical
numpy,numpy.bitwise_and,bitwise_and,present,exported,critical
numpy,numpy.bitwise_count,bitwise_count,missing,not_found,critical
numpy,numpy.bitwise_invert,bitwise_invert,missing,not_found,critical
numpy,numpy.bitwise_left_shift,bitwise_left_shift,missing,not_found,critical
numpy,numpy.bitwise_not,bitwise_not,present,exported,critical
numpy,numpy.bitwise_or,bitwise_or,present,exported,critical
numpy,numpy.bitwise_right_shift,bitwise_right_shift,missing,not_found,critical
numpy,numpy.bitwise_xor,bitwise_xor,present,exported,critical
numpy,numpy.blackman,blackman,namespace_mismatch,present_in_module_not_exported,critical
numpy,numpy.block,block,present,exported,critical
numpy,numpy.bmat,bmat,missing,not_found,critical
numpy,numpy.bool,bool,missing,not_found,critical
numpy,numpy.bool_,bool_,missing,not_found,critical
numpy,numpy.broadcast,broadcast,missing,not_found,critical
numpy,numpy.broadcast_arrays,broadcast_arrays,namespace_mismatch,present_in_module_not_exported,critical
numpy,numpy.broadcast_shapes,broadcast_shapes,missing,not_found,critical
numpy,numpy.broadcast_to,broadcast_to,namespace_mismatch,present_in_module_not_exported,critical
numpy,numpy.busday_count,busday_count,namespace_mismatch,present_in_module_not_exported,critical
numpy,numpy.busday_offset,busday_offset,namespace_mismatch,present_in_module_not_exported,critical
numpy,numpy.busdaycalendar,busdaycalendar,missing,not_found,critical
numpy,numpy.byte,byte,missing,not_found,critical
numpy,numpy.bytes_,bytes_,missing,not_found,critical
numpy,numpy.can_cast,can_cast,namespace_mismatch,present_in_module_not_exported,critical
numpy,numpy.cbrt,cbrt,missing,not_found,critical
numpy,numpy.cdouble,cdouble,missing,not_found,critical
numpy,numpy.ceil,ceil,namespace_mismatch,present_in_module_not_exported,critical
numpy,numpy.character,character,missing,not_found,critical
numpy,numpy.choose,choose,present,exported,critical
numpy,numpy.clip,clip,present,exported,critical
numpy,numpy.clongdouble,clongdouble,missing,not_found,critical
numpy,numpy.column_stack,column_stack,present,exported,critical
numpy,numpy.common_type,common_type,missing,not_found,critical
numpy,numpy.complex128,complex128,missing,not_found,critical
numpy,numpy.complex256,complex256,missing,not_found,critical
numpy,numpy.complex64,complex64,missing,not_found,critical
numpy,numpy.complexfloating,complexfloating,missing,not_found,critical
numpy,numpy.compress,compress,present,exported,critical
numpy,numpy.concat,concat,missing,not_found,critical
numpy,numpy.concatenate,concatenate,present,exported,critical
numpy,numpy.conj,conj,present,exported,critical
numpy,numpy.conjugate,conjugate,present,exported,critical
numpy,numpy.convolve,convolve,namespace_mismatch,present_in_module_not_exported,critical
numpy,numpy.copy,copy,present,exported,critical
numpy,numpy.copysign,copysign,present,exported,critical
numpy,numpy.copyto,copyto,missing,not_found,critical
numpy,numpy.corrcoef,corrcoef,present,exported,critical
numpy,numpy.correlate,correlate,present,exported,critical
numpy,numpy.cos,cos,namespace_mismatch,present_in_module_not_exported,critical
numpy,numpy.cosh,cosh,namespace_mismatch,present_in_module_not_exported,critical
numpy,numpy.count_nonzero,count_nonzero,present,exported,critical
numpy,numpy.cov,cov,present,exported,critical
numpy,numpy.cross,cross,present,exported,critical
numpy,numpy.csingle,csingle,missing,not_found,critical
numpy,numpy.cumprod,cumprod,namespace_mismatch,present_in_module_not_exported,critical
numpy,numpy.cumsum,cumsum,namespace_mismatch,present_in_module_not_exported,critical
numpy,numpy.cumulative_prod,cumulative_prod,missing,not_found,critical
numpy,numpy.cumulative_sum,cumulative_sum,missing,not_found,critical
numpy,numpy.datetime64,datetime64,missing,not_found,critical
numpy,numpy.datetime_as_string,datetime_as_string,namespace_mismatch,present_in_module_not_exported,critical
numpy,numpy.datetime_data,datetime_data,namespace_mismatch,present_in_module_not_exported,critical
numpy,numpy.deg2rad,deg2rad,missing,not_found,critical
numpy,numpy.degrees,degrees,namespace_mismatch,present_in_module_not_exported,critical
numpy,numpy.delete,delete,present,exported,critical
numpy,numpy.diag,diag,present,exported,critical
numpy,numpy.diag_indices,diag_indices,missing,not_found,critical
numpy,numpy.diag_indices_from,diag_indices_from,missing,not_found,critical
numpy,numpy.diagflat,diagflat,missing,not_found,critical
numpy,numpy.diagonal,diagonal,present,exported,critical
numpy,numpy.diff,diff,present,exported,critical
numpy,numpy.digitize,digitize,present,exported,critical
numpy,numpy.divide,divide,namespace_mismatch,present_in_module_not_exported,critical
numpy,numpy.divmod,divmod,missing,not_found,critical
numpy,numpy.dot,dot,present,exported,critical
numpy,numpy.double,double,missing,not_found,critical
numpy,numpy.dsplit,dsplit,present,exported,critical
numpy,numpy.dstack,dstack,present,exported,critical
numpy,numpy.dtype,dtype,namespace_mismatch,present_in_module_not_exported,critical
numpy,numpy.ediff1d,ediff1d,present,exported,critical
numpy,numpy.einsum,einsum,present,exported,critical
numpy,numpy.einsum_path,einsum_path,present,exported,critical
numpy,numpy.empty,empty,namespace_mismatch,present_in_module_not_exported,critical
numpy,numpy.empty_like,empty_like,present,exported,critical
numpy,numpy.equal,equal,namespace_mismatch,present_in_module_not_exported,critical
numpy,numpy.errstate,errstate,missing,not_found,critical
numpy,numpy.exp,exp,namespace_mismatch,present_in_module_not_exported,critical
numpy,numpy.exp2,exp2,namespace_mismatch,present_in_module_not_exported,critical
numpy,numpy.expand_dims,expand_dims,present,exported,critical
numpy,numpy.expm1,expm1,namespace_mismatch,present_in_module_not_exported,critical
numpy,numpy.extract,extract,present,exported,critical
numpy,numpy.eye,eye,present,exported,critical
numpy,numpy.fabs,fabs,present,exported,critical
numpy,numpy.fill_diagonal,fill_diagonal,missing,not_found,critical
numpy,numpy.finfo,finfo,missing,not_found,critical
numpy,numpy.fix,fix,namespace_mismatch,present_in_module_not_exported,critical
numpy,numpy.flatiter,flatiter,missing,not_found,critical
numpy,numpy.flatnonzero,flatnonzero,present,exported,critical
numpy,numpy.flexible,flexible,missing,not_found,critical
numpy,numpy.flip,flip,present,exported,critical
numpy,numpy.fliplr,fliplr,missing,not_found,critical
numpy,numpy.flipud,flipud,missing,not_found,critical
numpy,numpy.float128,float128,missing,not_found,critical
numpy,numpy.float16,float16,missing,not_found,critical
numpy,numpy.float32,float32,missing,not_found,critical
numpy,numpy.float64,float64,missing,not_found,critical
numpy,numpy.float_power,float_power,missing,not_found,critical
numpy,numpy.floating,floating,missing,not_found,critical
numpy,numpy.floor,floor,namespace_mismatch,present_in_module_not_exported,critical
numpy,numpy.floor_divide,floor_divide,missing,not_found,critical
numpy,numpy.fmax,fmax,missing,not_found,critical
numpy,numpy.fmin,fmin,missing,not_found,critical
numpy,numpy.fmod,fmod,missing,not_found,critical
numpy,numpy.format_float_positional,format_float_positional,missing,not_found,critical
numpy,numpy.format_float_scientific,format_float_scientific,missing,not_found,critical
numpy,numpy.frexp,frexp,missing,not_found,critical
numpy,numpy.from_dlpack,from_dlpack,missing,not_found,critical
numpy,numpy.frombuffer,frombuffer,present,exported,critical
numpy,numpy.fromfile,fromfile,namespace_mismatch,present_in_module_not_exported,critical
numpy,numpy.fromfunction,fromfunction,present,exported,critical
numpy,numpy.fromiter,fromiter,present,exported,critical
numpy,numpy.frompyfunc,frompyfunc,missing,not_found,critical
numpy,numpy.fromregex,fromregex,missing,not_found,critical
numpy,numpy.fromstring,fromstring,namespace_mismatch,present_in_module_not_exported,critical
numpy,numpy.full,full,present,exported,critical
numpy,numpy.full_like,full_like,present,exported,critical
numpy,numpy.gcd,gcd,missing,not_found,critical
numpy,numpy.generic,generic,missing,not_found,critical
numpy,numpy.genfromtxt,genfromtxt,missing,not_found,critical
numpy,numpy.geomspace,geomspace,present,exported,critical
numpy,numpy.get_include,get_include,missing,not_found,critical
numpy,numpy.get_printoptions,get_printoptions,missing,not_found,critical
numpy,numpy.getbufsize,getbufsize,missing,not_found,critical
numpy,numpy.geterr,geterr,missing,not_found,critical
numpy,numpy.geterrcall,geterrcall,missing,not_found,critical
numpy,numpy.gradient,gradient,present,exported,critical
numpy,numpy.greater,greater,namespace_mismatch,present_in_module_not_exported,critical
numpy,numpy.greater_equal,greater_equal,namespace_mismatch,present_in_module_not_exported,critical
numpy,numpy.half,half,missing,not_found,critical
numpy,numpy.hamming,hamming,namespace_mismatch,present_in_module_not_exported,critical
numpy,numpy.hanning,hanning,namespace_mismatch,present_in_module_not_exported,critical
numpy,numpy.heaviside,heaviside,namespace_mismatch,present_in_module_not_exported,critical
numpy,numpy.histogram,histogram,present,exported,critical
numpy,numpy.histogram2d,histogram2d,present,exported,critical
numpy,numpy.histogram_bin_edges,histogram_bin_edges,missing,not_found,critical
numpy,numpy.histogramdd,histogramdd,present,exported,critical
numpy,numpy.hsplit,hsplit,present,exported,critical
numpy,numpy.hstack,hstack,present,exported,critical
numpy,numpy.hypot,hypot,namespace_mismatch,present_in_module_not_exported,critical
numpy,numpy.i0,i0,namespace_mismatch,present_in_module_not_exported,critical
numpy,numpy.identity,identity,present,exported,critical
numpy,numpy.iinfo,iinfo,missing,not_found,critical
numpy,numpy.imag,imag,present,exported,critical
numpy,numpy.indices,indices,missing,not_found,critical
numpy,numpy.inexact,inexact,missing,not_found,critical
numpy,numpy.info,info,missing,not_found,critical
numpy,numpy.inner,inner,present,exported,critical
numpy,numpy.insert,insert,present,exported,critical
numpy,numpy.int16,int16,missing,not_found,critical
numpy,numpy.int32,int32,missing,not_found,critical
numpy,numpy.int64,int64,missing,not_found,critical
numpy,numpy.int8,int8,missing,not_found,critical
numpy,numpy.int_,int_,missing,not_found,critical
numpy,numpy.intc,intc,missing,not_found,critical
numpy,numpy.integer,integer,missing,not_found,critical
numpy,numpy.interp,interp,present,exported,critical
numpy,numpy.intersect1d,intersect1d,present,exported,critical
numpy,numpy.intp,intp,missing,not_found,critical
numpy,numpy.invert,invert,present,exported,critical
numpy,numpy.is_busday,is_busday,namespace_mismatch,present_in_module_not_exported,critical
numpy,numpy.isclose,isclose,present,exported,critical
numpy,numpy.iscomplex,iscomplex,missing,not_found,critical
numpy,numpy.iscomplexobj,iscomplexobj,missing,not_found,critical
numpy,numpy.isdtype,isdtype,missing,not_found,critical
numpy,numpy.isfinite,isfinite,namespace_mismatch,present_in_module_not_exported,critical
numpy,numpy.isfortran,isfortran,missing,not_found,critical
numpy,numpy.isin,isin,present,exported,critical
numpy,numpy.isinf,isinf,namespace_mismatch,present_in_module_not_exported,critical
numpy,numpy.isnan,isnan,namespace_mismatch,present_in_module_not_exported,critical
numpy,numpy.isnat,isnat,missing,not_found,critical
numpy,numpy.isneginf,isneginf,namespace_mismatch,present_in_module_not_exported,critical
numpy,numpy.isposinf,isposinf,namespace_mismatch,present_in_module_not_exported,critical
numpy,numpy.isreal,isreal,missing,not_found,critical
numpy,numpy.isrealobj,isrealobj,missing,not_found,critical
numpy,numpy.isscalar,isscalar,missing,not_found,critical
numpy,numpy.issubdtype,issubdtype,missing,not_found,critical
numpy,numpy.iterable,iterable,missing,not_found,critical
numpy,numpy.ix_,ix_,missing,not_found,critical
numpy,numpy.kaiser,kaiser,namespace_mismatch,present_in_module_not_exported,critical
numpy,numpy.kron,kron,present,exported,critical
numpy,numpy.lcm,lcm,missing,not_found,critical
numpy,numpy.ldexp,ldexp,missing,not_found,critical
numpy,numpy.left_shift,left_shift,present,exported,critical
numpy,numpy.less,less,namespace_mismatch,present_in_module_not_exported,critical
numpy,numpy.less_equal,less_equal,namespace_mismatch,present_in_module_not_exported,critical
numpy,numpy.lexsort,lexsort,present,exported,critical
numpy,numpy.linspace,linspace,present,exported,critical
numpy,numpy.load,load,namespace_mismatch,present_in_module_not_exported,critical
numpy,numpy.loadtxt,loadtxt,namespace_mismatch,present_in_module_not_exported,critical
numpy,numpy.log,log,namespace_mismatch,present_in_module_not_exported,critical
numpy,numpy.log10,log10,namespace_mismatch,present_in_module_not_exported,critical
numpy,numpy.log1p,log1p,namespace_mismatch,present_in_module_not_exported,critical
numpy,numpy.log2,log2,namespace_mismatch,present_in_module_not_exported,critical
numpy,numpy.logaddexp,logaddexp,namespace_mismatch,present_in_module_not_exported,critical
numpy,numpy.logaddexp2,logaddexp2,namespace_mismatch,present_in_module_not_exported,critical
numpy,numpy.logical_and,logical_and,present,exported,critical
numpy,numpy.logical_not,logical_not,present,exported,critical
numpy,numpy.logical_or,logical_or,present,exported,critical
numpy,numpy.logical_xor,logical_xor,present,exported,critical
numpy,numpy.logspace,logspace,present,exported,critical
numpy,numpy.long,long,missing,not_found,critical
numpy,numpy.longdouble,longdouble,missing,not_found,critical
numpy,numpy.longlong,longlong,missing,not_found,critical
numpy,numpy.mask_indices,mask_indices,missing,not_found,critical
numpy,numpy.matmul,matmul,present,exported,critical
numpy,numpy.matrix,matrix,missing,not_found,critical
numpy,numpy.matrix_transpose,matrix_transpose,missing,not_found,critical
numpy,numpy.matvec,matvec,missing,not_found,critical
numpy,numpy.max,max,namespace_mismatch,present_in_module_not_exported,critical
numpy,numpy.maximum,maximum,namespace_mismatch,present_in_module_not_exported,critical
numpy,numpy.may_share_memory,may_share_memory,missing,not_found,critical
numpy,numpy.mean,mean,present,exported,critical
numpy,numpy.median,median,present,exported,critical
numpy,numpy.memmap,memmap,missing,not_found,critical
numpy,numpy.meshgrid,meshgrid,present,exported,critical
numpy,numpy.min,min,present,exported,critical
numpy,numpy.min_scalar_type,min_scalar_type,missing,not_found,critical
numpy,numpy.minimum,minimum,namespace_mismatch,present_in_module_not_exported,critical
numpy,numpy.mintypecode,mintypecode,missing,not_found,critical
numpy,numpy.mod,mod,missing,not_found,critical
numpy,numpy.modf,modf,missing,not_found,critical
numpy,numpy.moveaxis,moveaxis,present,exported,critical
numpy,numpy.multiply,multiply,namespace_mismatch,present_in_module_not_exported,critical
numpy,numpy.nan_to_num,nan_to_num,missing,not_found,critical
numpy,numpy.nanargmax,nanargmax,missing,not_found,critical
numpy,numpy.nanargmin,nanargmin,missing,not_found,critical
numpy,numpy.nancumprod,nancumprod,namespace_mismatch,present_in_module_not_exported,critical
numpy,numpy.nancumsum,nancumsum,namespace_mismatch,present_in_module_not_exported,critical
numpy,numpy.nanmax,nanmax,present,exported,critical
numpy,numpy.nanmean,nanmean,present,exported,critical
numpy,numpy.nanmedian,nanmedian,present,exported,critical
numpy,numpy.nanmin,nanmin,present,exported,critical
numpy,numpy.nanpercentile,nanpercentile,present,exported,critical
numpy,numpy.nanprod,nanprod,present,exported,critical
numpy,numpy.nanquantile,nanquantile,present,exported,critical
numpy,numpy.nanstd,nanstd,present,exported,critical
numpy,numpy.nansum,nansum,present,exported,critical
numpy,numpy.nanvar,nanvar,present,exported,critical
numpy,numpy.ndarray,ndarray,missing,not_found,critical
numpy,numpy.ndenumerate,ndenumerate,missing,not_found,critical
numpy,numpy.ndim,ndim,present,exported,critical
numpy,numpy.ndindex,ndindex,missing,not_found,critical
numpy,numpy.nditer,nditer,missing,not_found,critical
numpy,numpy.negative,negative,namespace_mismatch,present_in_module_not_exported,critical
numpy,numpy.nested_iters,nested_iters,missing,not_found,critical
numpy,numpy.nextafter,nextafter,missing,not_found,critical
numpy,numpy.nonzero,nonzero,present,exported,critical
numpy,numpy.not_equal,not_equal,namespace_mismatch,present_in_module_not_exported,critical
numpy,numpy.number,number,missing,not_found,critical
numpy,numpy.object_,object_,missing,not_found,critical
numpy,numpy.ones,ones,namespace_mismatch,present_in_module_not_exported,critical
numpy,numpy.ones_like,ones_like,present,exported,critical
numpy,numpy.outer,outer,present,exported,critical
numpy,numpy.packbits,packbits,missing,not_found,critical
numpy,numpy.pad,pad,present,exported,critical
numpy,numpy.partition,partition,present,exported,critical
numpy,numpy.percentile,percentile,present,exported,critical
numpy,numpy.permute_dims,permute_dims,missing,not_found,critical
numpy,numpy.piecewise,piecewise,missing,not_found,critical
numpy,numpy.place,place,present,exported,critical
numpy,numpy.poly,poly,missing,not_found,critical
numpy,numpy.poly1d,poly1d,missing,not_found,critical
numpy,numpy.polyadd,polyadd,missing,not_found,critical
numpy,numpy.polyder,polyder,missing,not_found,critical
numpy,numpy.polydiv,polydiv,missing,not_found,critical
numpy,numpy.polyfit,polyfit,missing,not_found,critical
numpy,numpy.polyint,polyint,missing,not_found,critical
numpy,numpy.polymul,polymul,missing,not_found,critical
numpy,numpy.polysub,polysub,missing,not_found,critical
numpy,numpy.polyval,polyval,missing,not_found,critical
numpy,numpy.positive,positive,missing,not_found,critical
numpy,numpy.pow,pow,missing,not_found,critical
numpy,numpy.power,power,missing,not_found,critical
numpy,numpy.printoptions,printoptions,missing,not_found,critical
numpy,numpy.prod,prod,namespace_mismatch,present_in_module_not_exported,critical
numpy,numpy.promote_types,promote_types,present,exported,critical
numpy,numpy.ptp,ptp,present,exported,critical
numpy,numpy.put,put,present,exported,critical
numpy,numpy.put_along_axis,put_along_axis,present,exported,critical
numpy,numpy.putmask,putmask,present,exported,critical
numpy,numpy.quantile,quantile,present,exported,critical
numpy,numpy.rad2deg,rad2deg,missing,not_found,critical
numpy,numpy.radians,radians,namespace_mismatch,present_in_module_not_exported,critical
numpy,numpy.ravel,ravel,present,exported,critical
numpy,numpy.ravel_multi_index,ravel_multi_index,missing,not_found,critical
numpy,numpy.real,real,present,exported,critical
numpy,numpy.real_if_close,real_if_close,present,exported,critical
numpy,numpy.recarray,recarray,missing,not_found,critical
numpy,numpy.reciprocal,reciprocal,missing,not_found,critical
numpy,numpy.record,record,missing,not_found,critical
numpy,numpy.remainder,remainder,missing,not_found,critical
numpy,numpy.repeat,repeat,present,exported,critical
numpy,numpy.require,require,missing,not_found,critical
numpy,numpy.reshape,reshape,present,exported,critical
numpy,numpy.resize,resize,namespace_mismatch,present_in_module_not_exported,critical
numpy,numpy.result_type,result_type,namespace_mismatch,present_in_module_not_exported,critical
numpy,numpy.right_shift,right_shift,present,exported,critical
numpy,numpy.rint,rint,namespace_mismatch,present_in_module_not_exported,critical
numpy,numpy.roll,roll,present,exported,critical
numpy,numpy.rollaxis,rollaxis,present,exported,critical
numpy,numpy.roots,roots,namespace_mismatch,present_in_module_not_exported,critical
numpy,numpy.rot90,rot90,present,exported,critical
numpy,numpy.round,round,missing,not_found,critical
numpy,numpy.row_stack,row_stack,present,exported,critical
numpy,numpy.save,save,namespace_mismatch,present_in_module_not_exported,critical
numpy,numpy.savetxt,savetxt,namespace_mismatch,present_in_module_not_exported,critical
numpy,numpy.savez,savez,namespace_mismatch,present_in_module_not_exported,critical
numpy,numpy.savez_compressed,savez_compressed,namespace_mismatch,present_in_module_not_exported,critical
numpy,numpy.searchsorted,searchsorted,present,exported,critical
numpy,numpy.select,select,missing,not_found,critical
numpy,numpy.set_printoptions,set_printoptions,missing,not_found,critical
numpy,numpy.setbufsize,setbufsize,missing,not_found,critical
numpy,numpy.setdiff1d,setdiff1d,present,exported,critical
numpy,numpy.seterr,seterr,missing,not_found,critical
numpy,numpy.seterrcall,seterrcall,missing,not_found,critical
numpy,numpy.setxor1d,setxor1d,present,exported,critical
numpy,numpy.shape,shape,present,exported,critical
numpy,numpy.shares_memory,shares_memory,missing,not_found,critical
numpy,numpy.short,short,missing,not_found,critical
numpy,numpy.show_config,show_config,missing,not_found,critical
numpy,numpy.show_runtime,show_runtime,missing,not_found,critical
numpy,numpy.sign,sign,namespace_mismatch,present_in_module_not_exported,critical
numpy,numpy.signbit,signbit,present,exported,critical
numpy,numpy.signedinteger,signedinteger,missing,not_found,critical
numpy,numpy.sin,sin,namespace_mismatch,present_in_module_not_exported,critical
numpy,numpy.sinc,sinc,namespace_mismatch,present_in_module_not_exported,critical
numpy,numpy.single,single,missing,not_found,critical
numpy,numpy.sinh,sinh,namespace_mismatch,present_in_module_not_exported,critical
numpy,numpy.size,size,present,exported,critical
numpy,numpy.sort,sort,present,exported,critical
numpy,numpy.sort_complex,sort_complex,missing,not_found,critical
numpy,numpy.spacing,spacing,missing,not_found,critical
numpy,numpy.split,split,present,exported,critical
numpy,numpy.sqrt,sqrt,missing,not_found,critical
numpy,numpy.square,square,missing,not_found,critical
numpy,numpy.squeeze,squeeze,present,exported,critical
numpy,numpy.stack,stack,present,exported,critical
numpy,numpy.std,std,present,exported,critical
numpy,numpy.str_,str_,missing,not_found,critical
numpy,numpy.subtract,subtract,namespace_mismatch,present_in_module_not_exported,critical
numpy,numpy.sum,sum,present,exported,critical
numpy,numpy.swapaxes,swapaxes,present,exported,critical
numpy,numpy.take,take,namespace_mismatch,present_in_module_not_exported,critical
numpy,numpy.take_along_axis,take_along_axis,missing,not_found,critical
numpy,numpy.tan,tan,namespace_mismatch,present_in_module_not_exported,critical
numpy,numpy.tanh,tanh,namespace_mismatch,present_in_module_not_exported,critical
numpy,numpy.tensordot,tensordot,missing,not_found,critical
numpy,numpy.test,test,missing,not_found,critical
numpy,numpy.tile,tile,present,exported,critical
numpy,numpy.timedelta64,timedelta64,missing,not_found,critical
numpy,numpy.trace,trace,present,exported,critical
numpy,numpy.transpose,transpose,namespace_mismatch,present_in_module_not_exported,critical
numpy,numpy.trapezoid,trapezoid,missing,not_found,critical
numpy,numpy.tri,tri,missing,not_found,critical
numpy,numpy.tril,tril,present,exported,critical
numpy,numpy.tril_indices,tril_indices,missing,not_found,critical
numpy,numpy.tril_indices_from,tril_indices_from,missing,not_found,critical
numpy,numpy.trim_zeros,trim_zeros,present,exported,critical
numpy,numpy.triu,triu,present,exported,critical
numpy,numpy.triu_indices,triu_indices,missing,not_found,critical
numpy,numpy.triu_indices_from,triu_indices_from,missing,not_found,critical
numpy,numpy.true_divide,true_divide,missing,not_found,critical
numpy,numpy.trunc,trunc,namespace_mismatch,present_in_module_not_exported,critical
numpy,numpy.typename,typename,missing,not_found,critical
numpy,numpy.ubyte,ubyte,missing,not_found,critical
numpy,numpy.ufunc,ufunc,missing,not_found,critical
numpy,numpy.uint,uint,missing,not_found,critical
numpy,numpy.uint16,uint16,missing,not_found,critical
numpy,numpy.uint32,uint32,missing,not_found,critical
numpy,numpy.uint64,uint64,missing,not_found,critical
numpy,numpy.uint8,uint8,missing,not_found,critical
numpy,numpy.uintc,uintc,missing,not_found,critical
numpy,numpy.uintp,uintp,missing,not_found,critical
numpy,numpy.ulong,ulong,missing,not_found,critical
numpy,numpy.ulonglong,ulonglong,missing,not_found,critical
numpy,numpy.union1d,union1d,present,exported,critical
numpy,numpy.unique,unique,present,exported,critical
numpy,numpy.unique_all,unique_all,missing,not_found,critical
numpy,numpy.unique_counts,unique_counts,missing,not_found,critical
numpy,numpy.unique_inverse,unique_inverse,missing,not_found,critical
numpy,numpy.unique_values,unique_values,missing,not_found,critical
numpy,numpy.unpackbits,unpackbits,missing,not_found,critical
numpy,numpy.unravel_index,unravel_index,missing,not_found,critical
numpy,numpy.unsignedinteger,unsignedinteger,missing,not_found,critical
numpy,numpy.unstack,unstack,missing,not_found,critical
numpy,numpy.unwrap,unwrap,namespace_mismatch,present_in_module_not_exported,critical
numpy,numpy.ushort,ushort,missing,not_found,critical
numpy,numpy.vander,vander,present,exported,critical
numpy,numpy.var,var,present,exported,critical
numpy,numpy.vdot,vdot,present,exported,critical
numpy,numpy.vecdot,vecdot,missing,not_found,critical
numpy,numpy.vecmat,vecmat,missing,not_found,critical
numpy,numpy.vectorize,vectorize,missing,not_found,critical
numpy,numpy.void,void,missing,not_found,critical
numpy,numpy.vsplit,vsplit,present,exported,critical
numpy,numpy.vstack,vstack,present,exported,critical
numpy,numpy.where,where,missing,not_found,critical
numpy,numpy.zeros,zeros,namespace_mismatch,present_in_module_not_exported,critical
numpy,numpy.zeros_like,zeros_like,present,exported,critical
numpy.linalg,numpy.linalg.LinAlgError,LinAlgError,missing,not_found,critical
numpy.linalg,numpy.linalg.cholesky,cholesky,present,exported,critical
numpy.linalg,numpy.linalg.cond,cond,present,exported,critical
numpy.linalg,numpy.linalg.cross,cross,present,exported,critical
numpy.linalg,numpy.linalg.det,det,present,exported,critical
numpy.linalg,numpy.linalg.diagonal,diagonal,missing,not_found,critical
numpy.linalg,numpy.linalg.eig,eig,present,exported,critical
numpy.linalg,numpy.linalg.eigh,eigh,present,exported,critical
numpy.linalg,numpy.linalg.eigvals,eigvals,present,exported,critical
numpy.linalg,numpy.linalg.eigvalsh,eigvalsh,present,exported,critical
numpy.linalg,numpy.linalg.inv,inv,present,exported,critical
numpy.linalg,numpy.linalg.lstsq,lstsq,present,exported,critical
numpy.linalg,numpy.linalg.matmul,matmul,present,exported,critical
numpy.linalg,numpy.linalg.matrix_norm,matrix_norm,missing,not_found,critical
numpy.linalg,numpy.linalg.matrix_power,matrix_power,present,exported,critical
numpy.linalg,numpy.linalg.matrix_rank,matrix_rank,present,exported,critical
numpy.linalg,numpy.linalg.matrix_transpose,matrix_transpose,missing,not_found,critical
numpy.linalg,numpy.linalg.multi_dot,multi_dot,present,exported,critical
numpy.linalg,numpy.linalg.norm,norm,present,exported,critical
numpy.linalg,numpy.linalg.outer,outer,present,exported,critical
numpy.linalg,numpy.linalg.pinv,pinv,present,exported,critical
numpy.linalg,numpy.linalg.qr,qr,present,exported,critical
numpy.linalg,numpy.linalg.slogdet,slogdet,present,exported,critical
numpy.linalg,numpy.linalg.solve,solve,present,exported,critical
numpy.linalg,numpy.linalg.svd,svd,present,exported,critical
numpy.linalg,numpy.linalg.svdvals,svdvals,missing,not_found,critical
numpy.linalg,numpy.linalg.tensordot,tensordot,missing,not_found,critical
numpy.linalg,numpy.linalg.tensorinv,tensorinv,missing,not_found,critical
numpy.linalg,numpy.linalg.tensorsolve,tensorsolve,missing,not_found,critical
numpy.linalg,numpy.linalg.trace,trace,present,exported,critical
numpy.linalg,numpy.linalg.vecdot,vecdot,missing,not_found,critical
numpy.linalg,numpy.linalg.vector_norm,vector_norm,missing,not_found,critical
numpy.fft,numpy.fft.fft,fft,present,exported,high
numpy.fft,numpy.fft.fft2,fft2,present,exported,high
numpy.fft,numpy.fft.fftfreq,fftfreq,present,exported,high
numpy.fft,numpy.fft.fftn,fftn,present,exported,high
numpy.fft,numpy.fft.fftshift,fftshift,present,exported,high
numpy.fft,numpy.fft.hfft,hfft,present,exported,high
numpy.fft,numpy.fft.ifft,ifft,present,exported,high
numpy.fft,numpy.fft.ifft2,ifft2,present,exported,high
numpy.fft,numpy.fft.ifftn,ifftn,present,exported,high
numpy.fft,numpy.fft.ifftshift,ifftshift,present,exported,high
numpy.fft,numpy.fft.ihfft,ihfft,present,exported,high
numpy.fft,numpy.fft.irfft,irfft,present,exported,high
numpy.fft,numpy.fft.irfft2,irfft2,present,exported,high
numpy.fft,numpy.fft.irfftn,irfftn,present,exported,high
numpy.fft,numpy.fft.rfft,rfft,present,exported,high
numpy.fft,numpy.fft.rfft2,rfft2,present,exported,high
numpy.fft,numpy.fft.rfftfreq,rfftfreq,present,exported,high
numpy.fft,numpy.fft.rfftn,rfftn,present,exported,high
numpy.random,numpy.random.BitGenerator,BitGenerator,missing,not_found,high
numpy.random,numpy.random.Generator,Generator,missing,not_found,high
numpy.random,numpy.random.MT19937,MT19937,missing,not_found,high
numpy.random,numpy.random.PCG64,PCG64,missing,not_found,high
numpy.random,numpy.random.PCG64DXSM,PCG64DXSM,missing,not_found,high
numpy.random,numpy.random.Philox,Philox,missing,not_found,high
numpy.random,numpy.random.RandomState,RandomState,present,exported,high
numpy.random,numpy.random.SFC64,SFC64,missing,not_found,high
numpy.random,numpy.random.SeedSequence,SeedSequence,present,exported,high
numpy.random,numpy.random.beta,beta,present,exported,high
numpy.random,numpy.random.binomial,binomial,present,exported,high
numpy.random,numpy.random.bytes,bytes,missing,not_found,high
numpy.random,numpy.random.chisquare,chisquare,present,exported,high
numpy.random,numpy.random.choice,choice,present,exported,high
numpy.random,numpy.random.default_rng,default_rng,missing,not_found,high
numpy.random,numpy.random.dirichlet,dirichlet,present,exported,high
numpy.random,numpy.random.exponential,exponential,present,exported,high
numpy.random,numpy.random.f,f,missing,not_found,high
numpy.random,numpy.random.gamma,gamma,present,exported,high
numpy.random,numpy.random.geometric,geometric,present,exported,high
numpy.random,numpy.random.get_state,get_state,present,exported,high
numpy.random,numpy.random.gumbel,gumbel,present,exported,high
numpy.random,numpy.random.hypergeometric,hypergeometric,present,exported,high
numpy.random,numpy.random.laplace,laplace,present,exported,high
numpy.random,numpy.random.logistic,logistic,missing,not_found,high
numpy.random,numpy.random.lognormal,lognormal,present,exported,high
numpy.random,numpy.random.logseries,logseries,present,exported,high
numpy.random,numpy.random.multinomial,multinomial,present,exported,high
numpy.random,numpy.random.multivariate_normal,multivariate_normal,missing,not_found,high
numpy.random,numpy.random.negative_binomial,negative_binomial,present,exported,high
numpy.random,numpy.random.noncentral_chisquare,noncentral_chisquare,missing,not_found,high
numpy.random,numpy.random.noncentral_f,noncentral_f,missing,not_found,high
numpy.random,numpy.random.normal,normal,present,exported,high
numpy.random,numpy.random.pareto,pareto,present,exported,high
numpy.random,numpy.random.permutation,permutation,present,exported,high
numpy.random,numpy.random.poisson,poisson,present,exported,high
numpy.random,numpy.random.power,power,missing,not_found,high
numpy.random,numpy.random.rand,rand,present,exported,high
numpy.random,numpy.random.randint,randint,present,exported,high
numpy.random,numpy.random.randn,randn,present,exported,high
numpy.random,numpy.random.random,random,present,exported,high
numpy.random,numpy.random.random_integers,random_integers,present,exported,high
numpy.random,numpy.random.random_sample,random_sample,present,exported,high
numpy.random,numpy.random.ranf,ranf,present,exported,high
numpy.random,numpy.random.rayleigh,rayleigh,present,exported,high
numpy.random,numpy.random.sample,sample,present,exported,high
numpy.random,numpy.random.seed,seed,present,exported,high
numpy.random,numpy.random.set_state,set_state,present,exported,high
numpy.random,numpy.random.shuffle,shuffle,present,exported,high
numpy.random,numpy.random.standard_cauchy,standard_cauchy,present,exported,high
numpy.random,numpy.random.standard_exponential,standard_exponential,present,exported,high
numpy.random,numpy.random.standard_gamma,standard_gamma,present,exported,high
numpy.random,numpy.random.standard_normal,standard_normal,present,exported,high
numpy.random,numpy.random.standard_t,standard_t,missing,not_found,high
numpy.random,numpy.random.triangular,triangular,present,exported,high
numpy.random,numpy.random.uniform,uniform,present,exported,high
numpy.random,numpy.random.vonmises,vonmises,missing,not_found,high
numpy.random,numpy.random.wald,wald,present,exported,high
numpy.random,numpy.random.weibull,weibull,present,exported,high
numpy.random,numpy.random.zipf,zipf,present,exported,high
numpy.polynomial,numpy.polynomial.Chebyshev,Chebyshev,present,exported,medium
numpy.polynomial,numpy.polynomial.Hermite,Hermite,present,exported,medium
numpy.polynomial,numpy.polynomial.HermiteE,HermiteE,present,exported,medium
numpy.polynomial,numpy.polynomial.Laguerre,Laguerre,present,exported,medium
numpy.polynomial,numpy.polynomial.Legendre,Legendre,present,exported,medium
numpy.polynomial,numpy.polynomial.Polynomial,Polynomial,present,exported,medium
numpy.polynomial,numpy.polynomial.set_default_printstyle,set_default_printstyle,missing,not_found,medium
numpy.ma,numpy.ma.MAError,MAError,missing,not_found,high
numpy.ma,numpy.ma.MaskError,MaskError,missing,not_found,high
numpy.ma,numpy.ma.MaskType,MaskType,missing,not_found,high
numpy.ma,numpy.ma.MaskedArray,MaskedArray,present,exported,high
numpy.ma,numpy.ma.abs,abs,missing,not_found,high
numpy.ma,numpy.ma.absolute,absolute,missing,not_found,high
numpy.ma,numpy.ma.add,add,missing,not_found,high
numpy.ma,numpy.ma.all,all,missing,not_found,high
numpy.ma,numpy.ma.allclose,allclose,missing,not_found,high
numpy.ma,numpy.ma.allequal,allequal,missing,not_found,high
numpy.ma,numpy.ma.alltrue,alltrue,missing,not_found,high
numpy.ma,numpy.ma.amax,amax,missing,not_found,high
numpy.ma,numpy.ma.amin,amin,missing,not_found,high
numpy.ma,numpy.ma.angle,angle,missing,not_found,high
numpy.ma,numpy.ma.anom,anom,missing,not_found,high
numpy.ma,numpy.ma.anomalies,anomalies,missing,not_found,high
numpy.ma,numpy.ma.any,any,missing,not_found,high
numpy.ma,numpy.ma.append,append,missing,not_found,high
numpy.ma,numpy.ma.apply_along_axis,apply_along_axis,missing,not_found,high
numpy.ma,numpy.ma.apply_over_axes,apply_over_axes,missing,not_found,high
numpy.ma,numpy.ma.arange,arange,missing,not_found,high
numpy.ma,numpy.ma.arccos,arccos,missing,not_found,high
numpy.ma,numpy.ma.arccosh,arccosh,missing,not_found,high
numpy.ma,numpy.ma.arcsin,arcsin,missing,not_found,high
numpy.ma,numpy.ma.arcsinh,arcsinh,missing,not_found,high
numpy.ma,numpy.ma.arctan,arctan,missing,not_found,high
numpy.ma,numpy.ma.arctan2,arctan2,missing,not_found,high
numpy.ma,numpy.ma.arctanh,arctanh,missing,not_found,high
numpy.ma,numpy.ma.argmax,argmax,missing,not_found,high
numpy.ma,numpy.ma.argmin,argmin,missing,not_found,high
numpy.ma,numpy.ma.argsort,argsort,missing,not_found,high
numpy.ma,numpy.ma.around,around,missing,not_found,high
numpy.ma,numpy.ma.array,array,missing,not_found,high
numpy.ma,numpy.ma.asanyarray,asanyarray,missing,not_found,high
numpy.ma,numpy.ma.asarray,asarray,missing,not_found,high
numpy.ma,numpy.ma.atleast_1d,atleast_1d,missing,not_found,high
numpy.ma,numpy.ma.atleast_2d,atleast_2d,missing,not_found,high
numpy.ma,numpy.ma.atleast_3d,atleast_3d,missing,not_found,high
numpy.ma,numpy.ma.average,average,missing,not_found,high
numpy.ma,numpy.ma.bitwise_and,bitwise_and,missing,not_found,high
numpy.ma,numpy.ma.bitwise_or,bitwise_or,missing,not_found,high
numpy.ma,numpy.ma.bitwise_xor,bitwise_xor,missing,not_found,high
numpy.ma,numpy.ma.bool_,bool_,missing,not_found,high
numpy.ma,numpy.ma.ceil,ceil,missing,not_found,high
numpy.ma,numpy.ma.choose,choose,missing,not_found,high
numpy.ma,numpy.ma.clip,clip,missing,not_found,high
numpy.ma,numpy.ma.clump_masked,clump_masked,missing,not_found,high
numpy.ma,numpy.ma.clump_unmasked,clump_unmasked,missing,not_found,high
numpy.ma,numpy.ma.column_stack,column_stack,missing,not_found,high
numpy.ma,numpy.ma.common_fill_value,common_fill_value,missing,not_found,high
numpy.ma,numpy.ma.compress,compress,present,exported,high
numpy.ma,numpy.ma.compress_cols,compress_cols,missing,not_found,high
numpy.ma,numpy.ma.compress_nd,compress_nd,missing,not_found,high
numpy.ma,numpy.ma.compress_rowcols,compress_rowcols,missing,not_found,high
numpy.ma,numpy.ma.compress_rows,compress_rows,missing,not_found,high
numpy.ma,numpy.ma.compressed,compressed,missing,not_found,high
numpy.ma,numpy.ma.concatenate,concatenate,missing,not_found,high
numpy.ma,numpy.ma.conjugate,conjugate,missing,not_found,high
numpy.ma,numpy.ma.convolve,convolve,missing,not_found,high
numpy.ma,numpy.ma.copy,copy,missing,not_found,high
numpy.ma,numpy.ma.corrcoef,corrcoef,missing,not_found,high
numpy.ma,numpy.ma.correlate,correlate,missing,not_found,high
numpy.ma,numpy.ma.cos,cos,missing,not_found,high
numpy.ma,numpy.ma.cosh,cosh,missing,not_found,high
numpy.ma,numpy.ma.count,count,missing,not_found,high
numpy.ma,numpy.ma.count_masked,count_masked,missing,not_found,high
numpy.ma,numpy.ma.cov,cov,missing,not_found,high
numpy.ma,numpy.ma.cumprod,cumprod,missing,not_found,high
numpy.ma,numpy.ma.cumsum,cumsum,missing,not_found,high
numpy.ma,numpy.ma.default_fill_value,default_fill_value,missing,not_found,high
numpy.ma,numpy.ma.diag,diag,missing,not_found,high
numpy.ma,numpy.ma.diagflat,diagflat,missing,not_found,high
numpy.ma,numpy.ma.diagonal,diagonal,missing,not_found,high
numpy.ma,numpy.ma.diff,diff,missing,not_found,high
numpy.ma,numpy.ma.divide,divide,missing,not_found,high
numpy.ma,numpy.ma.dot,dot,missing,not_found,high
numpy.ma,numpy.ma.dstack,dstack,missing,not_found,high
numpy.ma,numpy.ma.ediff1d,ediff1d,missing,not_found,high
numpy.ma,numpy.ma.empty,empty,missing,not_found,high
numpy.ma,numpy.ma.empty_like,empty_like,missing,not_found,high
numpy.ma,numpy.ma.equal,equal,missing,not_found,high
numpy.ma,numpy.ma.exp,exp,missing,not_found,high
numpy.ma,numpy.ma.expand_dims,expand_dims,missing,not_found,high
numpy.ma,numpy.ma.fabs,fabs,missing,not_found,high
numpy.ma,numpy.ma.filled,filled,present,exported,high
numpy.ma,numpy.ma.fix_invalid,fix_invalid,missing,not_found,high
numpy.ma,numpy.ma.flatnotmasked_contiguous,flatnotmasked_contiguous,missing,not_found,high
numpy.ma,numpy.ma.flatnotmasked_edges,flatnotmasked_edges,missing,not_found,high
numpy.ma,numpy.ma.flatten_mask,flatten_mask,missing,not_found,high
numpy.ma,numpy.ma.flatten_structured_array,flatten_structured_array,missing,not_found,high
numpy.ma,numpy.ma.floor,floor,missing,not_found,high
numpy.ma,numpy.ma.floor_divide,floor_divide,missing,not_found,high
numpy.ma,numpy.ma.fmod,fmod,missing,not_found,high
numpy.ma,numpy.ma.frombuffer,frombuffer,missing,not_found,high
numpy.ma,numpy.ma.fromflex,fromflex,missing,not_found,high
numpy.ma,numpy.ma.fromfunction,fromfunction,missing,not_found,high
numpy.ma,numpy.ma.getdata,getdata,missing,not_found,high
numpy.ma,numpy.ma.getmask,getmask,missing,not_found,high
numpy.ma,numpy.ma.getmaskarray,getmaskarray,missing,not_found,high
numpy.ma,numpy.ma.greater,greater,missing,not_found,high
numpy.ma,numpy.ma.greater_equal,greater_equal,missing,not_found,high
numpy.ma,numpy.ma.harden_mask,harden_mask,missing,not_found,high
numpy.ma,numpy.ma.hsplit,hsplit,missing,not_found,high
numpy.ma,numpy.ma.hstack,hstack,missing,not_found,high
numpy.ma,numpy.ma.hypot,hypot,missing,not_found,high
numpy.ma,numpy.ma.identity,identity,missing,not_found,high
numpy.ma,numpy.ma.ids,ids,missing,not_found,high
numpy.ma,numpy.ma.in1d,in1d,missing,not_found,high
numpy.ma,numpy.ma.indices,indices,missing,not_found,high
numpy.ma,numpy.ma.inner,inner,missing,not_found,high
numpy.ma,numpy.ma.innerproduct,innerproduct,missing,not_found,high
numpy.ma,numpy.ma.intersect1d,intersect1d,missing,not_found,high
numpy.ma,numpy.ma.isMA,isMA,missing,not_found,high
numpy.ma,numpy.ma.isMaskedArray,isMaskedArray,missing,not_found,high
numpy.ma,numpy.ma.is_mask,is_mask,missing,not_found,high
numpy.ma,numpy.ma.is_masked,is_masked,missing,not_found,high
numpy.ma,numpy.ma.isarray,isarray,missing,not_found,high
numpy.ma,numpy.ma.isin,isin,missing,not_found,high
numpy.ma,numpy.ma.left_shift,left_shift,missing,not_found,high
numpy.ma,numpy.ma.less,less,missing,not_found,high
numpy.ma,numpy.ma.less_equal,less_equal,missing,not_found,high
numpy.ma,numpy.ma.log,log,missing,not_found,high
numpy.ma,numpy.ma.log10,log10,missing,not_found,high
numpy.ma,numpy.ma.log2,log2,missing,not_found,high
numpy.ma,numpy.ma.logical_and,logical_and,missing,not_found,high
numpy.ma,numpy.ma.logical_not,logical_not,missing,not_found,high
numpy.ma,numpy.ma.logical_or,logical_or,missing,not_found,high
numpy.ma,numpy.ma.logical_xor,logical_xor,missing,not_found,high
numpy.ma,numpy.ma.make_mask,make_mask,missing,not_found,high
numpy.ma,numpy.ma.make_mask_descr,make_mask_descr,missing,not_found,high
numpy.ma,numpy.ma.make_mask_none,make_mask_none,missing,not_found,high
numpy.ma,numpy.ma.mask_cols,mask_cols,missing,not_found,high
numpy.ma,numpy.ma.mask_or,mask_or,missing,not_found,high
numpy.ma,numpy.ma.mask_rowcols,mask_rowcols,missing,not_found,high
numpy.ma,numpy.ma.mask_rows,mask_rows,missing,not_found,high
numpy.ma,numpy.ma.masked_all,masked_all,missing,not_found,high
numpy.ma,numpy.ma.masked_all_like,masked_all_like,missing,not_found,high
numpy.ma,numpy.ma.masked_array,masked_array,missing,not_found,high
numpy.ma,numpy.ma.masked_equal,masked_equal,missing,not_found,high
numpy.ma,numpy.ma.masked_greater,masked_greater,missing,not_found,high
numpy.ma,numpy.ma.masked_greater_equal,masked_greater_equal,missing,not_found,high
numpy.ma,numpy.ma.masked_inside,masked_inside,missing,not_found,high
numpy.ma,numpy.ma.masked_invalid,masked_invalid,missing,not_found,high
numpy.ma,numpy.ma.masked_less,masked_less,missing,not_found,high
numpy.ma,numpy.ma.masked_less_equal,masked_less_equal,missing,not_found,high
numpy.ma,numpy.ma.masked_not_equal,masked_not_equal,missing,not_found,high
numpy.ma,numpy.ma.masked_object,masked_object,missing,not_found,high
numpy.ma,numpy.ma.masked_outside,masked_outside,missing,not_found,high
numpy.ma,numpy.ma.masked_values,masked_values,missing,not_found,high
numpy.ma,numpy.ma.masked_where,masked_where,missing,not_found,high
numpy.ma,numpy.ma.max,max,missing,not_found,high
numpy.ma,numpy.ma.maximum,maximum,missing,not_found,high
numpy.ma,numpy.ma.maximum_fill_value,maximum_fill_value,missing,not_found,high
numpy.ma,numpy.ma.mean,mean,present,exported,high
numpy.ma,numpy.ma.median,median,present,exported,high
numpy.ma,numpy.ma.min,min,missing,not_found,high
numpy.ma,numpy.ma.minimum,minimum,missing,not_found,high
numpy.ma,numpy.ma.minimum_fill_value,minimum_fill_value,missing,not_found,high
numpy.ma,numpy.ma.mod,mod,missing,not_found,high
numpy.ma,numpy.ma.multiply,multiply,missing,not_found,high
numpy.ma,numpy.ma.mvoid,mvoid,missing,not_found,high
numpy.ma,numpy.ma.ndenumerate,ndenumerate,missing,not_found,high
numpy.ma,numpy.ma.ndim,ndim,present,exported,high
numpy.ma,numpy.ma.negative,negative,missing,not_found,high
numpy.ma,numpy.ma.nonzero,nonzero,missing,not_found,high
numpy.ma,numpy.ma.not_equal,not_equal,missing,not_found,high
numpy.ma,numpy.ma.notmasked_contiguous,notmasked_contiguous,missing,not_found,high
numpy.ma,numpy.ma.notmasked_edges,notmasked_edges,missing,not_found,high
numpy.ma,numpy.ma.ones,ones,missing,not_found,high
numpy.ma,numpy.ma.ones_like,ones_like,missing,not_found,high
numpy.ma,numpy.ma.outer,outer,missing,not_found,high
numpy.ma,numpy.ma.outerproduct,outerproduct,missing,not_found,high
numpy.ma,numpy.ma.polyfit,polyfit,missing,not_found,high
numpy.ma,numpy.ma.power,power,missing,not_found,high
numpy.ma,numpy.ma.prod,prod,missing,not_found,high
numpy.ma,numpy.ma.product,product,missing,not_found,high
numpy.ma,numpy.ma.ptp,ptp,missing,not_found,high
numpy.ma,numpy.ma.put,put,missing,not_found,high
numpy.ma,numpy.ma.putmask,putmask,missing,not_found,high
numpy.ma,numpy.ma.ravel,ravel,missing,not_found,high
numpy.ma,numpy.ma.remainder,remainder,missing,not_found,high
numpy.ma,numpy.ma.repeat,repeat,missing,not_found,high
numpy.ma,numpy.ma.reshape,reshape,missing,not_found,high
numpy.ma,numpy.ma.resize,resize,missing,not_found,high
numpy.ma,numpy.ma.right_shift,right_shift,missing,not_found,high
numpy.ma,numpy.ma.round,round,missing,not_found,high
numpy.ma,numpy.ma.round_,round_,missing,not_found,high
numpy.ma,numpy.ma.row_stack,row_stack,missing,not_found,high
numpy.ma,numpy.ma.set_fill_value,set_fill_value,present,exported,high
numpy.ma,numpy.ma.setdiff1d,setdiff1d,missing,not_found,high
numpy.ma,numpy.ma.setxor1d,setxor1d,missing,not_found,high
numpy.ma,numpy.ma.shape,shape,present,exported,high
numpy.ma,numpy.ma.sin,sin,missing,not_found,high
numpy.ma,numpy.ma.sinh,sinh,missing,not_found,high
numpy.ma,numpy.ma.size,size,present,exported,high
numpy.ma,numpy.ma.soften_mask,soften_mask,missing,not_found,high
numpy.ma,numpy.ma.sometrue,sometrue,missing,not_found,high
numpy.ma,numpy.ma.sort,sort,missing,not_found,high
numpy.ma,numpy.ma.sqrt,sqrt,missing,not_found,high
numpy.ma,numpy.ma.squeeze,squeeze,missing,not_found,high
numpy.ma,numpy.ma.stack,stack,missing,not_found,high
numpy.ma,numpy.ma.std,std,present,exported,high
numpy.ma,numpy.ma.subtract,subtract,missing,not_found,high
numpy.ma,numpy.ma.sum,sum,present,exported,high
numpy.ma,numpy.ma.swapaxes,swapaxes,missing,not_found,high
numpy.ma,numpy.ma.take,take,missing,not_found,high
numpy.ma,numpy.ma.tan,tan,missing,not_found,high
numpy.ma,numpy.ma.tanh,tanh,missing,not_found,high
numpy.ma,numpy.ma.trace,trace,missing,not_found,high
numpy.ma,numpy.ma.transpose,transpose,missing,not_found,high
numpy.ma,numpy.ma.true_divide,true_divide,missing,not_found,high
numpy.ma,numpy.ma.union1d,union1d,missing,not_found,high
numpy.ma,numpy.ma.unique,unique,present,exported,high
numpy.ma,numpy.ma.vander,vander,missing,not_found,high
numpy.ma,numpy.ma.var,var,present,exported,high
numpy.ma,numpy.ma.vstack,vstack,missing,not_found,high
numpy.ma,numpy.ma.where,where,missing,not_found,high
numpy.ma,numpy.ma.zeros,zeros,missing,not_found,high
numpy.ma,numpy.ma.zeros_like,zeros_like,missing,not_found,high
numpy.char,numpy.char.add,add,present,exported,medium
numpy.char,numpy.char.array,array,missing,not_found,medium
numpy.char,numpy.char.asarray,asarray,missing,not_found,medium
numpy.char,numpy.char.capitalize,capitalize,present,exported,medium
numpy.char,numpy.char.center,center,present,exported,medium
numpy.char,numpy.char.chararray,chararray,missing,not_found,medium
numpy.char,numpy.char.compare_chararrays,compare_chararrays,missing,not_found,medium
numpy.char,numpy.char.count,count,present,exported,medium
numpy.char,numpy.char.decode,decode,missing,not_found,medium
numpy.char,numpy.char.encode,encode,missing,not_found,medium
numpy.char,numpy.char.endswith,endswith,present,exported,medium
numpy.char,numpy.char.equal,equal,present,exported,medium
numpy.char,numpy.char.expandtabs,expandtabs,present,exported,medium
numpy.char,numpy.char.find,find,present,exported,medium
numpy.char,numpy.char.greater,greater,present,exported,medium
numpy.char,numpy.char.greater_equal,greater_equal,present,exported,medium
numpy.char,numpy.char.index,index,present,exported,medium
numpy.char,numpy.char.isalnum,isalnum,present,exported,medium
numpy.char,numpy.char.isalpha,isalpha,present,exported,medium
numpy.char,numpy.char.isdecimal,isdecimal,missing,not_found,medium
numpy.char,numpy.char.isdigit,isdigit,present,exported,medium
numpy.char,numpy.char.islower,islower,missing,not_found,medium
numpy.char,numpy.char.isnumeric,isnumeric,present,exported,medium
numpy.char,numpy.char.isspace,isspace,present,exported,medium
numpy.char,numpy.char.istitle,istitle,missing,not_found,medium
numpy.char,numpy.char.isupper,isupper,missing,not_found,medium
numpy.char,numpy.char.join,join,present,exported,medium
numpy.char,numpy.char.less,less,present,exported,medium
numpy.char,numpy.char.less_equal,less_equal,present,exported,medium
numpy.char,numpy.char.ljust,ljust,present,exported,medium
numpy.char,numpy.char.lower,lower,present,exported,medium
numpy.char,numpy.char.lstrip,lstrip,present,exported,medium
numpy.char,numpy.char.mod,mod,missing,not_found,medium
numpy.char,numpy.char.multiply,multiply,present,exported,medium
numpy.char,numpy.char.not_equal,not_equal,present,exported,medium
numpy.char,numpy.char.partition,partition,present,exported,medium
numpy.char,numpy.char.replace,replace,present,exported,medium
numpy.char,numpy.char.rfind,rfind,present,exported,medium
numpy.char,numpy.char.rindex,rindex,present,exported,medium
numpy.char,numpy.char.rjust,rjust,present,exported,medium
numpy.char,numpy.char.rpartition,rpartition,present,exported,medium
numpy.char,numpy.char.rsplit,rsplit,present,exported,medium
numpy.char,numpy.char.rstrip,rstrip,present,exported,medium
numpy.char,numpy.char.split,split,present,exported,medium
numpy.char,numpy.char.splitlines,splitlines,present,exported,medium
numpy.char,numpy.char.startswith,startswith,present,exported,medium
numpy.char,numpy.char.str_len,str_len,present,exported,medium
numpy.char,numpy.char.strip,strip,present,exported,medium
numpy.char,numpy.char.swapcase,swapcase,present,exported,medium
numpy.char,numpy.char.title,title,present,exported,medium
numpy.char,numpy.char.translate,translate,missing,not_found,medium
numpy.char,numpy.char.upper,upper,present,exported,medium
numpy.char,numpy.char.zfill,zfill,present,exported,medium
numpy.testing,numpy.testing.IgnoreException,IgnoreException,missing,not_found,medium
numpy.testing,numpy.testing.KnownFailureException,KnownFailureException,missing,not_found,medium
numpy.testing,numpy.testing.SkipTest,SkipTest,missing,not_found,medium
numpy.testing,numpy.testing.TestCase,TestCase,missing,not_found,medium
numpy.testing,numpy.testing.assert_,assert_,missing,not_found,medium
numpy.testing,numpy.testing.assert_allclose,assert_allclose,present,exported,medium
numpy.testing,numpy.testing.assert_almost_equal,assert_almost_equal,missing,not_found,medium
numpy.testing,numpy.testing.assert_approx_equal,assert_approx_equal,missing,not_found,medium
numpy.testing,numpy.testing.assert_array_almost_equal,assert_array_almost_equal,present,exported,medium
numpy.testing,numpy.testing.assert_array_almost_equal_nulp,assert_array_almost_equal_nulp,missing,not_found,medium
numpy.testing,numpy.testing.assert_array_compare,assert_array_compare,missing,not_found,medium
numpy.testing,numpy.testing.assert_array_equal,assert_array_equal,present,exported,medium
numpy.testing,numpy.testing.assert_array_less,assert_array_less,present,exported,medium
numpy.testing,numpy.testing.assert_array_max_ulp,assert_array_max_ulp,missing,not_found,medium
numpy.testing,numpy.testing.assert_equal,assert_equal,missing,not_found,medium
numpy.testing,numpy.testing.assert_no_gc_cycles,assert_no_gc_cycles,missing,not_found,medium
numpy.testing,numpy.testing.assert_no_warnings,assert_no_warnings,missing,not_found,medium
numpy.testing,numpy.testing.assert_raises,assert_raises,missing,not_found,medium
numpy.testing,numpy.testing.assert_raises_regex,assert_raises_regex,missing,not_found,medium
numpy.testing,numpy.testing.assert_string_equal,assert_string_equal,missing,not_found,medium
numpy.testing,numpy.testing.assert_warns,assert_warns,missing,not_found,medium
numpy.testing,numpy.testing.break_cycles,break_cycles,missing,not_found,medium
numpy.testing,numpy.testing.build_err_msg,build_err_msg,missing,not_found,medium
numpy.testing,numpy.testing.check_support_sve,check_support_sve,missing,not_found,medium
numpy.testing,numpy.testing.clear_and_catch_warnings,clear_and_catch_warnings,missing,not_found,medium
numpy.testing,numpy.testing.decorate_methods,decorate_methods,missing,not_found,medium
numpy.testing,numpy.testing.jiffies,jiffies,missing,not_found,medium
numpy.testing,numpy.testing.measure,measure,missing,not_found,medium
numpy.testing,numpy.testing.memusage,memusage,missing,not_found,medium
numpy.testing,numpy.testing.print_assert_equal,print_assert_equal,missing,not_found,medium
numpy.testing,numpy.testing.run_threaded,run_threaded,missing,not_found,medium
numpy.testing,numpy.testing.rundocs,rundocs,missing,not_found,medium
numpy.testing,numpy.testing.runstring,runstring,missing,not_found,medium
numpy.testing,numpy.testing.suppress_warnings,suppress_warnings,missing,not_found,medium
numpy.testing,numpy.testing.tempdir,tempdir,missing,not_found,medium
numpy.testing,numpy.testing.temppath,temppath,missing,not_found,medium
numpy.typing,numpy.typing.NBitBase,NBitBase,missing,not_found,low
numpy.typing,numpy.typing.NDArray,NDArray,missing,not_found,low
numpy.ndarray Methods,numpy.ndarray.all,all,missing,not_found,critical
numpy.ndarray Methods,numpy.ndarray.any,any,missing,not_found,critical
numpy.ndarray Methods,numpy.ndarray.argmax,argmax,missing,not_found,critical
numpy.ndarray Methods,numpy.ndarray.argmin,argmin,missing,not_found,critical
numpy.ndarray Methods,numpy.ndarray.argpartition,argpartition,missing,not_found,critical
numpy.ndarray Methods,numpy.ndarray.argsort,argsort,missing,not_found,critical
numpy.ndarray Methods,numpy.ndarray.astype,astype,missing,not_found,critical
numpy.ndarray Methods,numpy.ndarray.byteswap,byteswap,missing,not_found,critical
numpy.ndarray Methods,numpy.ndarray.choose,choose,missing,not_found,critical
numpy.ndarray Methods,numpy.ndarray.clip,clip,missing,not_found,critical
numpy.ndarray Methods,numpy.ndarray.compress,compress,missing,not_found,critical
numpy.ndarray Methods,numpy.ndarray.conj,conj,missing,not_found,critical
numpy.ndarray Methods,numpy.ndarray.conjugate,conjugate,missing,not_found,critical
numpy.ndarray Methods,numpy.ndarray.copy,copy,missing,not_found,critical
numpy.ndarray Methods,numpy.ndarray.cumprod,cumprod,missing,not_found,critical
numpy.ndarray Methods,numpy.ndarray.cumsum,cumsum,missing,not_found,critical
numpy.ndarray Methods,numpy.ndarray.diagonal,diagonal,missing,not_found,critical
numpy.ndarray Methods,numpy.ndarray.dot,dot,present,array_method,critical
numpy.ndarray Methods,numpy.ndarray.dump,dump,missing,not_found,critical
numpy.ndarray Methods,numpy.ndarray.dumps,dumps,missing,not_found,critical
numpy.ndarray Methods,numpy.ndarray.fill,fill,missing,not_found,critical
numpy.ndarray Methods,numpy.ndarray.flatten,flatten,missing,not_found,critical
numpy.ndarray Methods,numpy.ndarray.getfield,getfield,missing,not_found,critical
numpy.ndarray Methods,numpy.ndarray.item,item,missing,not_found,critical
numpy.ndarray Methods,numpy.ndarray.max,max,missing,not_found,critical
numpy.ndarray Methods,numpy.ndarray.mean,mean,missing,not_found,critical
numpy.ndarray Methods,numpy.ndarray.min,min,missing,not_found,critical
numpy.ndarray Methods,numpy.ndarray.nonzero,nonzero,missing,not_found,critical
numpy.ndarray Methods,numpy.ndarray.partition,partition,missing,not_found,critical
numpy.ndarray Methods,numpy.ndarray.prod,prod,missing,not_found,critical
numpy.ndarray Methods,numpy.ndarray.put,put,missing,not_found,critical
numpy.ndarray Methods,numpy.ndarray.ravel,ravel,missing,not_found,critical
numpy.ndarray Methods,numpy.ndarray.repeat,repeat,missing,not_found,critical
numpy.ndarray Methods,numpy.ndarray.reshape,reshape,present,array_method,critical
numpy.ndarray Methods,numpy.ndarray.resize,resize,missing,not_found,critical
numpy.ndarray Methods,numpy.ndarray.round,round,missing,not_found,critical
numpy.ndarray Methods,numpy.ndarray.searchsorted,searchsorted,missing,not_found,critical
numpy.ndarray Methods,numpy.ndarray.setfield,setfield,missing,not_found,critical
numpy.ndarray Methods,numpy.ndarray.setflags,setflags,missing,not_found,critical
numpy.ndarray Methods,numpy.ndarray.sort,sort,missing,not_found,critical
numpy.ndarray Methods,numpy.ndarray.squeeze,squeeze,missing,not_found,critical
numpy.ndarray Methods,numpy.ndarray.std,std,missing,not_found,critical
numpy.ndarray Methods,numpy.ndarray.sum,sum,missing,not_found,critical
numpy.ndarray Methods,numpy.ndarray.swapaxes,swapaxes,missing,not_found,critical
numpy.ndarray Methods,numpy.ndarray.take,take,present,array_method,critical
numpy.ndarray Methods,numpy.ndarray.to_device,to_device,missing,not_found,critical
numpy.ndarray Methods,numpy.ndarray.tobytes,tobytes,missing,not_found,critical
numpy.ndarray Methods,numpy.ndarray.tofile,tofile,missing,not_found,critical
numpy.ndarray Methods,numpy.ndarray.tolist,tolist,missing,not_found,critical
numpy.ndarray Methods,numpy.ndarray.trace,trace,missing,not_found,critical
numpy.ndarray Methods,numpy.ndarray.transpose,transpose,present,array_method,critical
numpy.ndarray Methods,numpy.ndarray.var,var,missing,not_found,critical
numpy.ndarray Methods,numpy.ndarray.view,view,missing,not_found,critical
numpy.ndarray Properties,numpy.ndarray.T,T,missing,not_found,critical
numpy.ndarray Properties,numpy.ndarray.base,base,missing,not_found,critical
numpy.ndarray Properties,numpy.ndarray.ctypes,ctypes,missing,not_found,critical
numpy.ndarray Properties,numpy.ndarray.data,data,present,array_field_or_method,critical
numpy.ndarray Properties,numpy.ndarray.device,device,missing,not_found,critical
numpy.ndarray Properties,numpy.ndarray.dtype,dtype,present,array_field_or_method,critical
numpy.ndarray Properties,numpy.ndarray.flags,flags,missing,not_found,critical
numpy.ndarray Properties,numpy.ndarray.flat,flat,missing,not_found,critical
numpy.ndarray Properties,numpy.ndarray.imag,imag,missing,not_found,critical
numpy.ndarray Properties,numpy.ndarray.itemsize,itemsize,missing,not_found,critical
numpy.ndarray Properties,numpy.ndarray.mT,mT,missing,not_found,critical
numpy.ndarray Properties,numpy.ndarray.nbytes,nbytes,missing,not_found,critical
numpy.ndarray Properties,numpy.ndarray.ndim,ndim,present,array_field_or_method,critical
numpy.ndarray Properties,numpy.ndarray.real,real,missing,not_found,critical
numpy.ndarray Properties,numpy.ndarray.shape,shape,present,array_field_or_method,critical
numpy.ndarray Properties,numpy.ndarray.size,size,present,array_field_or_method,critical
numpy.ndarray Properties,numpy.ndarray.strides,strides,present,array_field_or_method,critical
